region,year,month,orders,total_sales,total_profit,margin_pct
Central,2014,1,8,1539.91,118.49,7.69
Central,2014,2,11,1233.17,294.81,23.91
Central,2014,3,14,5827.60,-274.05,-4.70
Central,2014,4,9,3712.34,229.38,6.18
Central,2014,5,20,4048.51,-506.02,-12.50
Central,2014,6,21,9646.30,1246.12,12.92
Central,2014,7,13,6740.57,-4055.33,-60.16
Central,2014,8,9,3022.18,628.43,20.79
Central,2014,9,29,34408.69,1422.80,4.13
Central,2014,10,16,8965.76,1341.24,14.96
Central,2014,11,41,14057.57,-794.16,-5.65
Central,2014,12,39,10635.57,887.85,8.35
Central,2015,1,7,2510.51,-602.85,-24.01
Central,2015,2,8,2527.59,330.97,13.09
Central,2015,3,20,6730.27,51.41,0.76
Central,2015,4,19,11642.06,992.06,8.52
Central,2015,5,19,8623.90,963.93,11.18
Central,2015,6,14,3713.19,-420.67,-11.33
Central,2015,7,15,7605.57,305.26,4.01
Central,2015,8,16,9301.45,1031.58,11.09
Central,2015,9,21,7578.52,1563.34,20.63
Central,2015,10,22,7000.49,48.66,0.70
Central,2015,11,37,18903.09,3261.60,17.25
Central,2015,12,36,16737.60,4191.50,25.04
Central,2016,1,7,5942.16,474.09,7.98
Central,2016,2,7,1115.73,-142.57,-12.78
Central,2016,3,22,13153.81,-606.04,-4.61
Central,2016,4,19,7462.35,-1344.27,-18.01
Central,2016,5,22,11743.97,1376.85,11.72
Central,2016,6,23,6553.15,189.93,2.90
Central,2016,7,22,8894.46,806.02,9.06
Central,2016,8,24,6982.55,195.90,2.81
Central,2016,9,54,17503.21,-563.59,-3.22
Central,2016,10,24,25832.35,10760.86,41.66
Central,2016,11,45,16910.32,1470.75,8.70
Central,2016,12,36,25335.32,7281.23,28.74
Central,2017,1,21,21690.66,2865.93,13.21
Central,2017,2,10,3334.82,-999.19,-29.96
Central,2017,3,35,15504.58,2054.64,13.25
Central,2017,4,24,3383.12,124.58,3.68
Central,2017,5,28,11588.85,1765.19,15.23
Central,2017,6,34,12966.76,1209.50,9.33
Central,2017,7,30,8872.96,1027.79,11.58
Central,2017,8,25,6252.99,531.37,8.50
Central,2017,9,47,17343.00,1130.47,6.52
Central,2017,10,38,12122.34,597.52,4.93
Central,2017,11,61,15154.98,-1518.60,-10.02
Central,2017,12,53,18883.07,-1238.38,-6.56
East,2014,1,6,436.17,-39.36,-9.02
East,2014,2,3,199.78,62.75,31.41
East,2014,3,17,5943.39,-809.18,-13.61
East,2014,4,15,3054.91,-220.63,-7.22
East,2014,5,18,7250.10,754.50,10.41
East,2014,6,20,10759.16,980.14,9.11
East,2014,7,16,3568.15,847.14,23.74
East,2014,8,20,4582.45,801.81,17.50
East,2014,9,48,25292.79,4174.81,16.51
East,2014,10,19,8945.12,61.98,0.69
East,2014,11,43,33950.77,5591.63,16.47
East,2014,12,36,24697.68,4854.01,19.65
East,2015,1,8,4670.99,-1633.39,-34.97
East,2015,2,13,6463.13,1806.59,27.95
East,2015,3,17,6011.74,1474.00,24.52
East,2015,4,20,7778.80,1095.27,14.08
East,2015,5,20,7481.42,1633.54,21.83
East,2015,6,19,7442.99,1629.77,21.90
East,2015,7,22,11872.66,2350.98,19.80
East,2015,8,20,9463.77,912.09,9.64
East,2015,9,44,29440.99,2511.78,8.53
East,2015,10,20,6302.03,1460.31,23.17
East,2015,11,51,34724.76,7862.32,22.64
East,2015,12,42,24678.77,-12.24,-0.05
East,2016,1,17,4860.09,799.03,16.44
East,2016,2,16,3149.82,573.69,18.21
East,2016,3,28,16764.86,2444.19,14.58
East,2016,4,27,17839.97,3538.49,19.83
East,2016,5,28,22589.28,3531.91,15.64
East,2016,6,32,11737.41,1598.55,13.62
East,2016,7,25,8524.20,-291.27,-3.42
East,2016,8,23,9264.96,411.52,4.44
East,2016,9,50,20262.49,3168.20,15.64
East,2016,10,27,15065.47,3681.61,24.44
East,2016,11,48,22982.09,-4842.24,-21.07
East,2016,12,53,27645.20,5527.92,20.00
East,2017,1,14,5383.28,355.87,6.61
East,2017,2,17,4968.52,494.45,9.95
East,2017,3,31,7699.96,1188.13,15.43
East,2017,4,36,10230.91,1199.51,11.72
East,2017,5,27,6119.37,843.91,13.79
East,2017,6,35,15161.23,3101.76,20.46
East,2017,7,36,12321.82,1118.12,9.07
East,2017,8,29,20758.47,2182.92,10.52
East,2017,9,63,32416.10,2492.65,7.69
East,2017,10,41,32305.20,7637.88,23.64
East,2017,11,74,45633.64,9390.26,20.58
East,2017,12,67,20084.42,3225.10,16.06
South,2014,1,10,9322.09,2346.66,25.17
South,2014,2,3,2028.99,279.34,13.77
South,2014,3,18,32911.12,47.72,0.15
South,2014,4,18,12184.61,1850.63,15.19
South,2014,5,11,5779.24,1616.67,27.97
South,2014,6,9,4560.25,978.45,21.46
South,2014,7,7,1829.12,420.03,22.96
South,2014,8,16,7056.61,1326.97,18.80
South,2014,9,18,7175.34,-345.03,-4.81
South,2014,10,14,4813.75,653.77,13.58
South,2014,11,20,7428.75,1343.34,18.08
South,2014,12,21,8755.97,1360.57,15.54
South,2015,1,6,4965.83,-1645.08,-33.13
South,2015,2,5,1156.51,222.57,19.24
South,2015,3,16,10322.10,3982.86,38.59
South,2015,4,9,5718.33,767.37,13.42
South,2015,5,11,1983.70,429.25,21.64
South,2015,6,16,8552.17,1092.12,12.77
South,2015,7,12,2197.27,608.15,27.68
South,2015,8,8,5584.75,2173.17,38.91
South,2015,9,26,13677.49,1682.82,12.30
South,2015,10,12,4085.73,-470.05,-11.50
South,2015,11,25,7795.82,-399.31,-5.12
South,2015,12,24,5320.28,-125.28,-2.35
South,2016,1,8,4082.43,907.46,22.23
South,2016,2,12,15613.10,4185.06,26.80
South,2016,3,13,4238.17,563.60,13.30
South,2016,4,15,2965.71,426.83,14.39
South,2016,5,28,11960.23,2269.08,18.97
South,2016,6,9,3455.89,686.44,19.86
South,2016,7,16,6562.42,971.79,14.81
South,2016,8,16,3050.01,172.61,5.66
South,2016,9,28,12023.45,2447.64,20.36
South,2016,10,17,3165.23,383.13,12.10
South,2016,11,26,15596.56,2940.28,18.85
South,2016,12,26,10897.02,1748.89,16.05
South,2017,1,10,4815.59,710.30,14.75
South,2017,2,5,2182.87,470.37,21.55
South,2017,3,13,6643.72,2394.07,36.04
South,2017,4,25,9447.75,1356.65,14.36
South,2017,5,23,10943.74,1082.74,9.89
South,2017,6,23,8933.92,1132.56,12.68
South,2017,7,14,3302.10,577.95,17.50
South,2017,8,20,10371.53,181.14,1.75
South,2017,9,36,10200.52,2483.86,24.35
South,2017,10,22,12136.95,-2243.24,-18.48
South,2017,11,49,28717.42,-1624.81,-5.66
South,2017,12,33,15209.74,2327.30,15.30
West,2014,1,8,2938.72,24.39,0.83
West,2014,2,11,1057.96,225.41,21.31
West,2014,3,22,11008.90,1534.23,13.94
West,2014,4,24,9343.49,1629.45,17.44
West,2014,5,20,6570.44,873.56,13.30
West,2014,6,16,9629.42,1771.82,18.40
West,2014,7,29,21808.55,1946.68,8.93
West,2014,8,27,13248.23,2560.90,19.33
West,2014,9,35,14900.54,3075.52,20.64
West,2014,10,29,8728.76,1391.27,15.94
West,2014,11,47,23191.62,3151.31,13.59
West,2014,12,45,25456.41,1881.14,7.39
West,2015,1,8,6026.74,600.31,9.96
West,2015,2,10,1804.18,453.72,25.15
West,2015,3,26,15662.15,4223.82,26.97
West,2015,4,24,9056.02,1332.80,14.72
West,2015,5,24,12042.66,1641.15,13.63
West,2015,6,19,5088.95,1034.35,20.33
West,2015,7,17,7089.83,24.25,0.34
West,2015,8,24,12548.36,1238.97,9.87
West,2015,9,49,13898.92,2451.22,17.64
West,2015,10,33,14016.68,1778.45,12.69
West,2015,11,45,14548.90,1750.19,12.03
West,2015,12,59,28182.87,3962.99,14.06
West,2016,1,16,3657.82,644.25,17.61
West,2016,2,10,3100.16,388.40,12.53
West,2016,3,23,17559.03,1210.22,6.89
West,2016,4,28,10482.01,356.76,3.40
West,2016,5,30,10694.25,1484.30,13.88
West,2016,6,33,18598.10,2275.46,12.23
West,2016,7,33,15280.88,2946.34,19.28
West,2016,8,27,11817.85,1282.04,10.85
West,2016,9,60,23620.88,4276.40,18.10
West,2016,10,37,15624.69,1417.54,9.07
West,2016,11,64,23923.01,4442.62,18.57
West,2016,12,61,33121.50,3327.28,10.05
West,2017,1,24,12081.84,3208.33,26.55
West,2017,2,21,9814.92,1648.23,16.79
West,2017,3,39,29024.10,9115.05,31.41
West,2017,4,31,13459.75,-1747.45,-12.98
West,2017,5,40,15609.15,2650.74,16.98
West,2017,6,41,15919.82,2779.52,17.46
West,2017,7,31,20767.54,4228.75,20.36
West,2017,8,37,25737.89,6145.53,23.88
West,2017,9,80,27907.04,4884.58,17.50
West,2017,10,46,21212.44,3283.11,15.48
West,2017,11,77,28941.79,3443.25,11.90
West,2017,12,71,29652.10,4169.32,14.06
