feature,coefficient
cat__Contract_Two year,-1.4569725128463895
num__tenure,-1.253033892784926
cat__InternetService_Fiber optic,1.1348134430909018
cat__Contract_One year,-0.78847793561017
num__TotalCharges,0.6065955737242597
num__MonthlyCharges,-0.48594665667670567
cat__PaymentMethod_Electronic check,0.4110085772155403
cat__StreamingTV_Yes,0.38697038619308777
cat__PhoneService_Yes,-0.37309076233953375
cat__StreamingMovies_Yes,0.37165301699727793
cat__OnlineSecurity_Yes,-0.3491729375326205
cat__MultipleLines_Yes,0.3366247250793849
cat__TechSupport_Yes,-0.3076004604677078
cat__PaperlessBilling_Yes,0.2561722154394875
cat__Dependents_Yes,-0.22903651890747168
cat__SeniorCitizen_1,0.20504425746719016
cat__DeviceProtection_No internet service,-0.17056290320332146
cat__OnlineSecurity_No internet service,-0.17056290320332146
cat__InternetService_No,-0.17056290320332146
cat__StreamingMovies_No internet service,-0.17056290320332146
cat__StreamingTV_No internet service,-0.17056290320332146
cat__OnlineBackup_No internet service,-0.17056290320332146
cat__TechSupport_No internet service,-0.17056290320332146
cat__OnlineBackup_Yes,-0.10844256667463219
cat__MultipleLines_No phone service,-0.0790738576880133
cat__DeviceProtection_Yes,0.07250780635408775
cat__PaymentMethod_Credit card (automatic),0.07110101962329936
cat__PaymentMethod_Mailed check,0.05736112428261058
cat__Partner_Yes,-0.03755304152873421
cat__gender_Male,-0.011846136827242832
